{"cameraMode":{"drawMode":0,"name":"Shaded","section":"Shading Mode"},"sceneLighting":false,"audioPlay":false,"sceneViewState":{"showFog":true,"showMaterialUpdate":false,"showSkybox":false,"showFlares":true,"showImageEffects":true,"showParticleSystems":true},"in2DMode":false,"pivot":{"x":-6.406648635864258,"y":0.17399999499320985,"z":-0.025000035762786866},"rotation":{"x":0.4215805232524872,"y":-0.021775156259536744,"z":0.010097966529428959,"w":0.9064969420433044},"size":5.135186672210693,"orthographic":false}